"IDE_VENTA";"IDE_PEDIDO";"IDE_CLIENTE";"IDE_FECHA";"IDE_PRODUCTO";"IDE_VENDEDOR";"NUM_UNIDADES";"NUM_PRECIO_NETO"
176;10770;765;"2022-10-18";"PRO11";3;2;147
213;10917;912;"2022-10-18";"PRO11";1;2;169
238;10982;977;"2022-10-18";"PRO11";1;2;155
321;11262;1257;"2022-10-18";"PRO11";1;1;101
335;11300;1295;"2022-10-18";"PRO11";1;2;172
411;11535;1530;"2022-10-18";"PRO11";1;1;91
439;11639;1634;"2022-10-18";"PRO11";1;1;109
462;11693;1688;"2022-10-18";"PRO11";1;2;121
564;11995;1990;"2022-10-18";"PRO11";1;1;110
581;12065;2060;"2022-10-18";"PRO11";1;5;341
694;12408;2403;"2022-10-18";"PRO11";1;2;125
768;12617;2612;"2022-10-18";"PRO11";1;6;446
826;12805;2800;"2022-10-18";"PRO11";1;1;78
955;13161;3156;"2022-10-18";"PRO11";1;3;192
979;13225;3220;"2022-10-18";"PRO11";4;2;164
999;13269;3264;"2022-10-18";"PRO11";1;1;80
1110;13620;3615;"2022-10-18";"PRO11";1;2;135
1379;14598;4593;"2022-10-18";"PRO11";1;3;189
1393;14659;4654;"2022-10-18";"PRO11";1;3;251
1444;14821;4816;"2022-10-18";"PRO11";1;1;100
1488;15010;5005;"2022-10-18";"PRO11";1;1;104
1732;11535;1530;"2022-10-18";"PRO12";1;1;120
1781;11995;1990;"2022-10-18";"PRO12";1;1;120
1808;12190;2185;"2022-10-18";"PRO12";1;1;120
1825;12296;2291;"2022-10-18";"PRO12";1;1;120
1875;12805;2800;"2022-10-18";"PRO12";1;1;120
1911;13266;3261;"2022-10-18";"PRO12";1;1;120
1975;13873;3868;"2022-10-18";"PRO12";3;1;120
2503;10470;465;"2022-10-18";"PRO14";1;35;350
2796;10770;765;"2022-10-18";"PRO14";1;10;100
2942;10917;912;"2022-10-18";"PRO14";1;10;100
3004;10979;974;"2022-10-18";"PRO14";1;27;270
3007;10982;977;"2022-10-18";"PRO14";1;7;70
3038;11014;1009;"2022-10-18";"PRO14";1;86;860
3232;11208;1203;"2022-10-18";"PRO14";1;22;220
3286;11262;1257;"2022-10-18";"PRO14";1;10;100
3324;11300;1295;"2022-10-18";"PRO14";1;2;20
3476;11457;1452;"2022-10-18";"PRO14";1;18;175
3551;11535;1530;"2022-10-18";"PRO14";1;1;10
3613;11597;1592;"2022-10-18";"PRO14";1;4;40
3655;11639;1634;"2022-10-18";"PRO14";1;7;70
3666;11651;1646;"2022-10-18";"PRO14";1;8;80
3696;11681;1676;"2022-10-18";"PRO14";1;23;233
3708;11693;1688;"2022-10-18";"PRO14";1;37;370
3734;11719;1714;"2022-10-18";"PRO14";1;3;30
3999;11995;1990;"2022-10-18";"PRO14";1;10;100
4065;12065;2060;"2022-10-18";"PRO14";1;12;120
4187;12190;2185;"2022-10-18";"PRO14";1;3;30
4290;12296;2291;"2022-10-18";"PRO14";1;26;260
4399;12408;2403;"2022-10-18";"PRO14";1;11;110
4557;12571;2566;"2022-10-18";"PRO14";1;15;150
4601;12617;2612;"2022-10-18";"PRO14";1;33;330
4690;12708;2703;"2022-10-18";"PRO14";1;24;240
4717;12735;2730;"2022-10-18";"PRO14";1;36;360
4786;12805;2800;"2022-10-18";"PRO14";1;9;90
5136;13161;3156;"2022-10-18";"PRO14";1;10;100
5172;13198;3193;"2022-10-18";"PRO14";1;3;30
5199;13225;3220;"2022-10-18";"PRO14";1;25;250
5237;13266;3261;"2022-10-18";"PRO14";1;33;330
5240;13269;3264;"2022-10-18";"PRO14";1;13;130
5374;13404;3399;"2022-10-18";"PRO14";1;16;160
5375;13405;3400;"2022-10-18";"PRO14";1;70;700
5589;13620;3615;"2022-10-18";"PRO14";1;2;20
5644;13678;3673;"2022-10-18";"PRO14";1;38;380
5673;13707;3702;"2022-10-18";"PRO14";1;10;100
5835;13873;3868;"2022-10-18";"PRO14";1;7;70
5898;13938;3933;"2022-10-18";"PRO14";1;1;10
6278;14328;4323;"2022-10-18";"PRO14";1;27;267
6305;14357;4352;"2022-10-18";"PRO14";2;11;110
6540;14598;4593;"2022-10-18";"PRO14";1;17;170
6548;14606;4601;"2022-10-18";"PRO14";1;13;130
6557;14615;4610;"2022-10-18";"PRO14";1;3;30
6601;14659;4654;"2022-10-18";"PRO14";2;37;370
6759;14821;4816;"2022-10-18";"PRO14";1;6;60
6823;14886;4881;"2022-10-18";"PRO14";1;8;80
6945;15010;5005;"2022-10-18";"PRO14";1;36;360
6984;15049;5044;"2022-10-18";"PRO14";1;43;430
7089;15155;5150;"2022-10-18";"PRO14";1;60;600
7260;15331;5326;"2022-10-18";"PRO14";1;14;140
7345;10470;465;"2022-10-18";"PRO15";1;1;200
7511;11014;1009;"2022-10-18";"PRO15";1;1;200
7583;11300;1295;"2022-10-18";"PRO15";1;1;200
7673;11597;1592;"2022-10-18";"PRO15";1;1;200
7684;11639;1634;"2022-10-18";"PRO15";1;1;200
7703;11693;1688;"2022-10-18";"PRO15";1;1;200
7712;11719;1714;"2022-10-18";"PRO15";1;1;200
7810;12065;2060;"2022-10-18";"PRO15";1;1;200
7852;12190;2185;"2022-10-18";"PRO15";1;1;200
7882;12296;2291;"2022-10-18";"PRO15";1;1;200
8118;13161;3156;"2022-10-18";"PRO15";1;1;200
8147;13266;3261;"2022-10-18";"PRO15";1;1;200
8190;13404;3399;"2022-10-18";"PRO15";1;1;200
8561;14659;4654;"2022-10-18";"PRO15";1;1;200
8611;14821;4816;"2022-10-18";"PRO15";1;1;200
8634;14886;4881;"2022-10-18";"PRO15";1;1;200
9153;10979;974;"2022-10-18";"PRO16";1;1;180
9176;11014;1009;"2022-10-18";"PRO16";1;1;180
9295;11208;1203;"2022-10-18";"PRO16";1;1;180
9442;11457;1452;"2022-10-18";"PRO16";1;1;180
9486;11535;1530;"2022-10-18";"PRO16";1;1;180
9547;11639;1634;"2022-10-18";"PRO16";1;1;180
9573;11681;1676;"2022-10-18";"PRO16";1;1;180
9578;11693;1688;"2022-10-18";"PRO16";1;1;180
9763;11995;1990;"2022-10-18";"PRO16";1;1;180
9806;12065;2060;"2022-10-18";"PRO16";1;1;180
10008;12408;2403;"2022-10-18";"PRO16";1;1;180
10095;12571;2566;"2022-10-18";"PRO16";1;1;180
10121;12617;2612;"2022-10-18";"PRO16";1;1;180
10178;12708;2703;"2022-10-18";"PRO16";1;1;180
10236;12805;2800;"2022-10-18";"PRO16";1;1;180
10475;13198;3193;"2022-10-18";"PRO16";1;1;180
10494;13225;3220;"2022-10-18";"PRO16";1;1;180
10524;13266;3261;"2022-10-18";"PRO16";1;1;180
10611;13404;3399;"2022-10-18";"PRO16";1;1;180
10612;13405;3400;"2022-10-18";"PRO16";1;1;180
10733;13620;3615;"2022-10-18";"PRO16";1;1;180
10769;13678;3673;"2022-10-18";"PRO16";1;1;180
10786;13707;3702;"2022-10-18";"PRO16";1;1;180
11133;14328;4323;"2022-10-18";"PRO16";1;1;180
11151;14357;4352;"2022-10-18";"PRO16";1;1;180
11291;14598;4593;"2022-10-18";"PRO16";1;1;180
11417;14821;4816;"2022-10-18";"PRO16";1;1;180
11535;15010;5005;"2022-10-18";"PRO16";1;1;180
11563;15049;5044;"2022-10-18";"PRO16";1;1;180
11626;15155;5150;"2022-10-18";"PRO16";1;1;180
11738;15331;5326;"2022-10-18";"PRO16";1;1;180
12010;12617;2612;"2022-10-18";"PRO17";1;1;300
12095;13405;3400;"2022-10-18";"PRO17";1;1;300
12206;14659;4654;"2022-10-18";"PRO17";1;1;300
178;10773;768;"2022-10-19";"PRO11";3;1;111
377;11414;1409;"2022-10-19";"PRO11";1;4;301
501;11811;1806;"2022-10-19";"PRO11";1;2;176
819;12794;2789;"2022-10-19";"PRO11";1;7;505
1018;13346;3341;"2022-10-19";"PRO11";1;6;437
1106;13609;3604;"2022-10-19";"PRO11";1;5;373
1158;13831;3826;"2022-10-19";"PRO11";5;2;184
1264;14195;4190;"2022-10-19";"PRO11";3;1;98
1343;14450;4445;"2022-10-19";"PRO11";3;1;83
1420;14742;4737;"2022-10-19";"PRO11";1;1;83
1483;14985;4980;"2022-10-19";"PRO11";1;8;571
1561;15244;5239;"2022-10-19";"PRO11";2;4;313
1570;15271;5266;"2022-10-19";"PRO11";2;2;187
1708;11332;1327;"2022-10-19";"PRO12";1;1;120
1709;11336;1331;"2022-10-19";"PRO12";1;1;120
1795;12068;2063;"2022-10-19";"PRO12";1;1;120
1900;13118;3113;"2022-10-19";"PRO12";1;1;120
1968;13831;3826;"2022-10-19";"PRO12";1;1;120
2058;14648;4643;"2022-10-19";"PRO12";1;1;120
2070;14742;4737;"2022-10-19";"PRO12";1;1;120
2749;10723;718;"2022-10-19";"PRO14";1;44;440
2799;10773;768;"2022-10-19";"PRO14";1;10;100
2818;10792;787;"2022-10-19";"PRO14";1;18;180
3072;11048;1043;"2022-10-19";"PRO14";1;13;130
3145;11121;1116;"2022-10-19";"PRO14";1;14;140
3317;11293;1288;"2022-10-19";"PRO14";1;14;140
3356;11332;1327;"2022-10-19";"PRO14";1;18;180
3359;11336;1331;"2022-10-19";"PRO14";1;15;150
3362;11339;1334;"2022-10-19";"PRO14";1;3;30
3418;11397;1392;"2022-10-19";"PRO14";1;21;210
3433;11414;1409;"2022-10-19";"PRO14";1;18;180
3443;11424;1419;"2022-10-19";"PRO14";1;2;20
3549;11533;1528;"2022-10-19";"PRO14";1;20;200
3582;11566;1561;"2022-10-19";"PRO14";1;50;500
3663;11647;1642;"2022-10-19";"PRO14";1;8;80
3824;11811;1806;"2022-10-19";"PRO14";1;54;540
3849;11836;1831;"2022-10-19";"PRO14";1;4;40
4046;12046;2041;"2022-10-19";"PRO14";1;24;240
4068;12068;2063;"2022-10-19";"PRO14";1;8;80
4205;12210;2205;"2022-10-19";"PRO14";1;2;20
4384;12393;2388;"2022-10-19";"PRO14";1;31;310
4402;12412;2407;"2022-10-19";"PRO14";1;14;140
4452;12464;2459;"2022-10-19";"PRO14";1;18;180
4564;12578;2573;"2022-10-19";"PRO14";1;23;230
4774;12793;2788;"2022-10-19";"PRO14";1;8;80
4775;12794;2789;"2022-10-19";"PRO14";1;80;800
5037;13061;3056;"2022-10-19";"PRO14";1;25;250
5093;13118;3113;"2022-10-19";"PRO14";1;23;230
5112;13137;3132;"2022-10-19";"PRO14";1;5;50
5151;13177;3172;"2022-10-19";"PRO14";1;7;70
5277;13306;3301;"2022-10-19";"PRO14";1;17;167
5316;13346;3341;"2022-10-19";"PRO14";1;43;430
5352;13382;3377;"2022-10-19";"PRO14";1;44;440
5405;13435;3430;"2022-10-19";"PRO14";1;3;30
5578;13609;3604;"2022-10-19";"PRO14";1;15;150
5793;13831;3826;"2022-10-19";"PRO14";1;17;170
5854;13892;3887;"2022-10-19";"PRO14";1;6;60
5980;14024;4019;"2022-10-19";"PRO14";1;14;140
6013;14058;4053;"2022-10-19";"PRO14";1;1;10
6149;14195;4190;"2022-10-19";"PRO14";1;12;120
6396;14450;4445;"2022-10-19";"PRO14";1;10;100
6448;14506;4501;"2022-10-19";"PRO14";1;12;120
6581;14639;4634;"2022-10-19";"PRO14";1;22;220
6590;14648;4643;"2022-10-19";"PRO14";2;39;390
6602;14660;4655;"2022-10-19";"PRO14";2;14;140
6605;14663;4658;"2022-10-19";"PRO14";2;2;20
6681;14742;4737;"2022-10-19";"PRO14";1;23;230
6731;14792;4787;"2022-10-19";"PRO14";1;38;380
6844;14909;4904;"2022-10-19";"PRO14";1;17;170
6920;14985;4980;"2022-10-19";"PRO14";1;36;360
7174;15244;5239;"2022-10-19";"PRO14";1;25;250
7201;15271;5266;"2022-10-19";"PRO14";1;19;190
7433;10773;768;"2022-10-19";"PRO15";1;1;200
7578;11293;1288;"2022-10-19";"PRO15";1;1;200
7596;11332;1327;"2022-10-19";"PRO15";1;1;200
7598;11339;1334;"2022-10-19";"PRO15";1;1;200
7618;11414;1409;"2022-10-19";"PRO15";1;1;200
7661;11566;1561;"2022-10-19";"PRO15";1;1;200
7735;11811;1806;"2022-10-19";"PRO15";1;1;200
7743;11836;1831;"2022-10-19";"PRO15";1;1;200
7811;12068;2063;"2022-10-19";"PRO15";1;1;200
7910;12412;2407;"2022-10-19";"PRO15";1;1;200
7928;12464;2459;"2022-10-19";"PRO15";1;1;200
7960;12578;2573;"2022-10-19";"PRO15";1;1;200
8022;12793;2788;"2022-10-19";"PRO15";1;1;200
8122;13177;3172;"2022-10-19";"PRO15";1;1;200
8258;13609;3604;"2022-10-19";"PRO15";1;1;200
8343;13892;3887;"2022-10-19";"PRO15";1;1;200
8663;14985;4980;"2022-10-19";"PRO15";1;1;200
9023;10773;768;"2022-10-19";"PRO16";1;1;180
9036;10792;787;"2022-10-19";"PRO16";1;1;180
9201;11048;1043;"2022-10-19";"PRO16";1;1;180
9239;11121;1116;"2022-10-19";"PRO16";1;1;180
9362;11332;1327;"2022-10-19";"PRO16";1;1;180
9366;11339;1334;"2022-10-19";"PRO16";1;1;180
9412;11414;1409;"2022-10-19";"PRO16";1;1;180
9418;11424;1419;"2022-10-19";"PRO16";1;1;180
9553;11647;1642;"2022-10-19";"PRO16";1;1;180
9650;11811;1806;"2022-10-19";"PRO16";1;1;180
9663;11836;1831;"2022-10-19";"PRO16";1;1;180
9793;12046;2041;"2022-10-19";"PRO16";1;1;180
9889;12210;2205;"2022-10-19";"PRO16";1;1;180
10010;12412;2407;"2022-10-19";"PRO16";1;1;180
10099;12578;2573;"2022-10-19";"PRO16";1;1;180
10230;12793;2788;"2022-10-19";"PRO16";1;1;180
10391;13061;3056;"2022-10-19";"PRO16";1;1;180
10463;13177;3172;"2022-10-19";"PRO16";1;1;180
10551;13306;3301;"2022-10-19";"PRO16";1;1;180
10579;13346;3341;"2022-10-19";"PRO16";1;1;180
10600;13382;3377;"2022-10-19";"PRO16";1;1;180
10726;13609;3604;"2022-10-19";"PRO16";1;1;180
10857;13831;3826;"2022-10-19";"PRO16";1;1;180
11056;14195;4190;"2022-10-19";"PRO16";1;1;180
11311;14639;4634;"2022-10-19";"PRO16";1;1;180
11317;14648;4643;"2022-10-19";"PRO16";1;1;180
11324;14660;4655;"2022-10-19";"PRO16";1;1;180
11374;14742;4737;"2022-10-19";"PRO16";1;1;180
11472;14909;4904;"2022-10-19";"PRO16";1;1;180
11521;14985;4980;"2022-10-19";"PRO16";1;1;180
11817;10723;718;"2022-10-19";"PRO17";1;1;300
11882;11414;1409;"2022-10-19";"PRO17";1;1;300
11884;11424;1419;"2022-10-19";"PRO17";1;1;300
11905;11566;1561;"2022-10-19";"PRO17";1;1;300
11930;11811;1806;"2022-10-19";"PRO17";1;1;300
12004;12578;2573;"2022-10-19";"PRO17";1;1;300
12110;13609;3604;"2022-10-19";"PRO17";1;1;300
12235;14985;4980;"2022-10-19";"PRO17";1;1;300
71;10416;411;"2022-10-20";"PRO11";5;2;134
155;10705;700;"2022-10-20";"PRO11";3;2;123
193;10838;833;"2022-10-20";"PRO11";3;2;119
220;10928;923;"2022-10-20";"PRO11";1;5;378
228;10946;941;"2022-10-20";"PRO11";1;3;203
255;11029;1024;"2022-10-20";"PRO11";3;3;218
353;11352;1347;"2022-10-20";"PRO11";1;7;524
454;11677;1672;"2022-10-20";"PRO11";1;6;428
464;11695;1690;"2022-10-20";"PRO11";1;1;90
517;11851;1846;"2022-10-20";"PRO11";1;3;201
654;12278;2273;"2022-10-20";"PRO11";1;2;159
856;12895;2890;"2022-10-20";"PRO11";1;3;212
1080;13517;3512;"2022-10-20";"PRO11";5;3;256
1153;13816;3811;"2022-10-20";"PRO11";1;3;244
1206;13984;3979;"2022-10-20";"PRO11";1;2;115
1240;14119;4114;"2022-10-20";"PRO11";3;1;76
1283;14269;4264;"2022-10-20";"PRO11";1;2;161
1385;14622;4617;"2022-10-20";"PRO11";1;3;223
1407;14699;4694;"2022-10-20";"PRO11";3;2;133
1574;15292;5287;"2022-10-20";"PRO11";1;2;120
1639;10674;669;"2022-10-20";"PRO12";1;1;120
1664;10946;941;"2022-10-20";"PRO12";1;1;120
1822;12278;2273;"2022-10-20";"PRO12";1;1;120
1906;13207;3202;"2022-10-20";"PRO12";1;1;120
1940;13514;3509;"2022-10-20";"PRO12";3;1;120
2122;15292;5287;"2022-10-20";"PRO12";1;1;120
2450;10416;411;"2022-10-20";"PRO14";1;47;470
2489;10455;450;"2022-10-20";"PRO14";1;80;800
2517;10484;479;"2022-10-20";"PRO14";1;9;90
2611;10579;574;"2022-10-20";"PRO14";1;1;10
2701;10674;669;"2022-10-20";"PRO14";1;22;220
2731;10705;700;"2022-10-20";"PRO14";1;13;130
2739;10713;708;"2022-10-20";"PRO14";1;23;230
2741;10715;710;"2022-10-20";"PRO14";1;3;30
2803;10777;772;"2022-10-20";"PRO14";1;20;200
2864;10838;833;"2022-10-20";"PRO14";1;38;380
2953;10928;923;"2022-10-20";"PRO14";1;2;20
2971;10946;941;"2022-10-20";"PRO14";1;26;260
3053;11029;1024;"2022-10-20";"PRO14";1;29;290
3367;11344;1339;"2022-10-20";"PRO14";1;15;150
3369;11346;1341;"2022-10-20";"PRO14";1;21;210
3375;11352;1347;"2022-10-20";"PRO14";1;76;760
3511;11494;1489;"2022-10-20";"PRO14";1;18;180
3692;11677;1672;"2022-10-20";"PRO14";1;88;880
3710;11695;1690;"2022-10-20";"PRO14";1;5;50
3746;11732;1727;"2022-10-20";"PRO14";1;4;40
3864;11851;1846;"2022-10-20";"PRO14";1;14;140
4089;12090;2085;"2022-10-20";"PRO14";1;19;190
4272;12278;2273;"2022-10-20";"PRO14";1;8;80
4445;12457;2452;"2022-10-20";"PRO14";1;39;390
4541;12555;2550;"2022-10-20";"PRO14";1;29;290
4646;12663;2658;"2022-10-20";"PRO14";1;15;150
4657;12675;2670;"2022-10-20";"PRO14";1;34;340
4692;12710;2705;"2022-10-20";"PRO14";1;3;30
4695;12713;2708;"2022-10-20";"PRO14";1;3;30
4702;12720;2715;"2022-10-20";"PRO14";1;20;200
4714;12732;2727;"2022-10-20";"PRO14";1;14;140
4875;12895;2890;"2022-10-20";"PRO14";1;19;190
5122;13147;3142;"2022-10-20";"PRO14";1;14;140
5181;13207;3202;"2022-10-20";"PRO14";1;33;330
5344;13374;3369;"2022-10-20";"PRO14";1;19;190
5484;13514;3509;"2022-10-20";"PRO14";1;20;200
5487;13517;3512;"2022-10-20";"PRO14";1;5;50
5523;13553;3548;"2022-10-20";"PRO14";1;3;30
5685;13719;3714;"2022-10-20";"PRO14";1;20;200
5833;13871;3866;"2022-10-20";"PRO14";1;14;140
5942;13984;3979;"2022-10-20";"PRO14";1;8;80
5974;14018;4013;"2022-10-20";"PRO14";1;10;100
6073;14119;4114;"2022-10-20";"PRO14";1;23;230
6104;14150;4145;"2022-10-20";"PRO14";1;5;50
6133;14179;4174;"2022-10-20";"PRO14";1;26;260
6159;14205;4200;"2022-10-20";"PRO14";1;8;80
6209;14256;4251;"2022-10-20";"PRO14";4;26;260
6222;14269;4264;"2022-10-20";"PRO14";4;27;267
6302;14354;4349;"2022-10-20";"PRO14";2;31;310
6469;14527;4522;"2022-10-20";"PRO14";4;18;180
6517;14575;4570;"2022-10-20";"PRO14";1;49;490
6564;14622;4617;"2022-10-20";"PRO14";1;7;70
6639;14699;4694;"2022-10-20";"PRO14";1;26;260
6822;14885;4880;"2022-10-20";"PRO14";1;22;220
6982;15047;5042;"2022-10-20";"PRO14";1;13;130
7222;15292;5287;"2022-10-20";"PRO14";1;3;30
7408;10674;669;"2022-10-20";"PRO15";1;1;200
7417;10713;708;"2022-10-20";"PRO15";1;1;200
7454;10838;833;"2022-10-20";"PRO15";1;1;200
7514;11029;1024;"2022-10-20";"PRO15";1;1;200
7600;11344;1339;"2022-10-20";"PRO15";1;1;200
7602;11352;1347;"2022-10-20";"PRO15";1;1;200
7636;11494;1489;"2022-10-20";"PRO15";1;1;200
7745;11851;1846;"2022-10-20";"PRO15";1;1;200
7925;12457;2452;"2022-10-20";"PRO15";1;1;200
7993;12713;2708;"2022-10-20";"PRO15";1;1;200
7996;12732;2727;"2022-10-20";"PRO15";1;1;200
8054;12895;2890;"2022-10-20";"PRO15";1;1;200
8113;13147;3142;"2022-10-20";"PRO15";1;1;200
8241;13553;3548;"2022-10-20";"PRO15";1;1;200
8284;13719;3714;"2022-10-20";"PRO15";1;1;200
8427;14179;4174;"2022-10-20";"PRO15";1;1;200
8451;14269;4264;"2022-10-20";"PRO15";1;1;200
8525;14527;4522;"2022-10-20";"PRO15";1;1;200
8539;14575;4570;"2022-10-20";"PRO15";1;1;200
8827;10455;450;"2022-10-20";"PRO16";1;1;180
8841;10484;479;"2022-10-20";"PRO16";1;1;180
8904;10579;574;"2022-10-20";"PRO16";1;1;180
8978;10705;700;"2022-10-20";"PRO16";1;1;180
8987;10715;710;"2022-10-20";"PRO16";1;1;180
9026;10777;772;"2022-10-20";"PRO16";1;1;180
9064;10838;833;"2022-10-20";"PRO16";1;1;180
9121;10928;923;"2022-10-20";"PRO16";1;1;180
9187;11029;1024;"2022-10-20";"PRO16";1;1;180
9461;11494;1489;"2022-10-20";"PRO16";1;1;180
9600;11732;1727;"2022-10-20";"PRO16";1;1;180
9674;11851;1846;"2022-10-20";"PRO16";1;1;180
9931;12278;2273;"2022-10-20";"PRO16";1;1;180
10035;12457;2452;"2022-10-20";"PRO16";1;1;180
10084;12555;2550;"2022-10-20";"PRO16";1;1;180
10152;12663;2658;"2022-10-20";"PRO16";1;1;180
10160;12675;2670;"2022-10-20";"PRO16";1;1;180
10182;12713;2708;"2022-10-20";"PRO16";1;1;180
10188;12720;2715;"2022-10-20";"PRO16";1;1;180
10195;12732;2727;"2022-10-20";"PRO16";1;1;180
10595;13374;3369;"2022-10-20";"PRO16";1;1;180
10677;13514;3509;"2022-10-20";"PRO16";1;1;180
10678;13517;3512;"2022-10-20";"PRO16";1;1;180
10847;13816;3811;"2022-10-20";"PRO16";1;1;180
10881;13871;3866;"2022-10-20";"PRO16";1;1;180
10935;13984;3979;"2022-10-20";"PRO16";1;1;180
10956;14018;4013;"2022-10-20";"PRO16";1;1;180
11001;14119;4114;"2022-10-20";"PRO16";1;1;180
11024;14150;4145;"2022-10-20";"PRO16";1;1;180
11043;14179;4174;"2022-10-20";"PRO16";1;1;180
11090;14256;4251;"2022-10-20";"PRO16";1;1;180
11094;14269;4264;"2022-10-20";"PRO16";1;1;180
11249;14527;4522;"2022-10-20";"PRO16";1;1;180
11282;14575;4570;"2022-10-20";"PRO16";1;1;180
11350;14699;4694;"2022-10-20";"PRO16";1;1;180
11561;15047;5042;"2022-10-20";"PRO16";1;1;180
11711;15292;5287;"2022-10-20";"PRO16";1;1;180
11786;10416;411;"2022-10-20";"PRO17";5;1;300
11827;10838;833;"2022-10-20";"PRO17";1;1;300
11836;10928;923;"2022-10-20";"PRO17";1;1;300
12120;13719;3714;"2022-10-20";"PRO17";1;1;300
12201;14575;4570;"2022-10-20";"PRO17";1;1;300
147;10676;671;"2022-10-21";"PRO11";3;1;109
230;10952;947;"2022-10-21";"PRO11";1;3;230
483;11754;1749;"2022-10-21";"PRO11";1;5;357
493;11776;1771;"2022-10-21";"PRO11";1;1;86
869;12920;2915;"2022-10-21";"PRO11";1;2;113
886;12970;2965;"2022-10-21";"PRO11";1;3;207
985;13237;3232;"2022-10-21";"PRO11";1;2;159
1081;13519;3514;"2022-10-21";"PRO11";5;2;179
1159;13834;3829;"2022-10-21";"PRO11";5;1;78
1173;13872;3867;"2022-10-21";"PRO11";5;6;431
1336;14437;4432;"2022-10-21";"PRO11";3;2;178
1424;14758;4753;"2022-10-21";"PRO11";1;1;79
1589;15345;5340;"2022-10-21";"PRO11";1;1;106
1852;12570;2565;"2022-10-21";"PRO12";1;1;120
1891;13014;3009;"2022-10-21";"PRO12";1;1;120
1945;13542;3537;"2022-10-21";"PRO12";3;1;120
1957;13692;3687;"2022-10-21";"PRO12";1;1;120
2115;15196;5191;"2022-10-21";"PRO12";1;1;120
2563;10531;526;"2022-10-21";"PRO14";1;72;720
2703;10676;671;"2022-10-21";"PRO14";1;5;50
2801;10775;770;"2022-10-21";"PRO14";1;16;160
2943;10918;913;"2022-10-21";"PRO14";1;18;180
2977;10952;947;"2022-10-21";"PRO14";1;22;220
3233;11209;1204;"2022-10-21";"PRO14";1;1;10
3237;11213;1208;"2022-10-21";"PRO14";1;11;110
3462;11443;1438;"2022-10-21";"PRO14";1;4;40
3581;11565;1560;"2022-10-21";"PRO14";1;17;170
3611;11595;1590;"2022-10-21";"PRO14";1;29;290
3768;11754;1749;"2022-10-21";"PRO14";1;86;860
3790;11776;1771;"2022-10-21";"PRO14";1;13;130
3798;11784;1779;"2022-10-21";"PRO14";1;18;180
4175;12178;2173;"2022-10-21";"PRO14";1;10;100
4437;12449;2444;"2022-10-21";"PRO14";1;11;110
4556;12570;2565;"2022-10-21";"PRO14";1;5;50
4663;12681;2676;"2022-10-21";"PRO14";1;13;130
4900;12920;2915;"2022-10-21";"PRO14";1;25;250
4904;12924;2919;"2022-10-21";"PRO14";1;4;40
4914;12934;2929;"2022-10-21";"PRO14";1;19;190
4924;12944;2939;"2022-10-21";"PRO14";1;36;360
4942;12963;2958;"2022-10-21";"PRO14";1;15;150
4948;12970;2965;"2022-10-21";"PRO14";1;45;450
4992;13014;3009;"2022-10-21";"PRO14";1;57;570
5130;13155;3150;"2022-10-21";"PRO14";1;1;10
5211;13237;3232;"2022-10-21";"PRO14";1;11;110
5489;13519;3514;"2022-10-21";"PRO14";1;9;90
5512;13542;3537;"2022-10-21";"PRO14";1;11;110
5658;13692;3687;"2022-10-21";"PRO14";1;4;40
5672;13706;3701;"2022-10-21";"PRO14";1;24;240
5678;13712;3707;"2022-10-21";"PRO14";1;88;880
5796;13834;3829;"2022-10-21";"PRO14";1;16;160
5834;13872;3867;"2022-10-21";"PRO14";1;30;300
5911;13952;3947;"2022-10-21";"PRO14";1;5;50
6140;14186;4181;"2022-10-21";"PRO14";1;3;30
6284;14335;4330;"2022-10-21";"PRO14";1;25;250
6348;14401;4396;"2022-10-21";"PRO14";1;19;190
6597;14655;4650;"2022-10-21";"PRO14";2;28;280
6603;14661;4656;"2022-10-21";"PRO14";2;8;80
6604;14662;4657;"2022-10-21";"PRO14";2;17;170
6627;14685;4680;"2022-10-21";"PRO14";1;72;720
6654;14714;4709;"2022-10-21";"PRO14";1;22;220
6697;14758;4753;"2022-10-21";"PRO14";3;20;200
6919;14984;4979;"2022-10-21";"PRO14";1;24;240
7129;15196;5191;"2022-10-21";"PRO14";1;13;130
7197;15267;5262;"2022-10-21";"PRO14";1;2;20
7253;15324;5319;"2022-10-21";"PRO14";1;27;270
7274;15345;5340;"2022-10-21";"PRO14";1;17;170
7358;10531;526;"2022-10-21";"PRO15";1;1;200
7559;11209;1204;"2022-10-21";"PRO15";1;1;200
7959;12570;2565;"2022-10-21";"PRO15";1;1;200
7983;12681;2676;"2022-10-21";"PRO15";1;1;200
8074;12963;2958;"2022-10-21";"PRO15";1;1;200
8116;13155;3150;"2022-10-21";"PRO15";1;1;200
8138;13237;3232;"2022-10-21";"PRO15";1;1;200
8238;13542;3537;"2022-10-21";"PRO15";1;1;200
8359;13952;3947;"2022-10-21";"PRO15";1;1;200
8774;15345;5340;"2022-10-21";"PRO15";1;1;200
8874;10531;526;"2022-10-21";"PRO16";1;1;180
8961;10676;671;"2022-10-21";"PRO16";1;1;180
9025;10775;770;"2022-10-21";"PRO16";1;1;180
9115;10918;913;"2022-10-21";"PRO16";1;1;180
9135;10952;947;"2022-10-21";"PRO16";1;1;180
9296;11213;1208;"2022-10-21";"PRO16";1;1;180
9432;11443;1438;"2022-10-21";"PRO16";1;1;180
9521;11595;1590;"2022-10-21";"PRO16";1;1;180
9634;11784;1779;"2022-10-21";"PRO16";1;1;180
10032;12449;2444;"2022-10-21";"PRO16";1;1;180
10163;12681;2676;"2022-10-21";"PRO16";1;1;180
10306;12920;2915;"2022-10-21";"PRO16";1;1;180
10309;12924;2919;"2022-10-21";"PRO16";1;1;180
10315;12934;2929;"2022-10-21";"PRO16";1;1;180
10335;12970;2965;"2022-10-21";"PRO16";1;1;180
10449;13155;3150;"2022-10-21";"PRO16";1;1;180
10680;13519;3514;"2022-10-21";"PRO16";1;1;180
10695;13542;3537;"2022-10-21";"PRO16";1;1;180
10785;13706;3701;"2022-10-21";"PRO16";1;1;180
10882;13872;3867;"2022-10-21";"PRO16";1;1;180
10920;13952;3947;"2022-10-21";"PRO16";1;1;180
11048;14186;4181;"2022-10-21";"PRO16";1;1;180
11137;14335;4330;"2022-10-21";"PRO16";1;1;180
11322;14655;4650;"2022-10-21";"PRO16";1;1;180
11339;14685;4680;"2022-10-21";"PRO16";1;1;180
11694;15267;5262;"2022-10-21";"PRO16";1;1;180
11797;10531;526;"2022-10-21";"PRO17";5;1;300
11863;11213;1208;"2022-10-21";"PRO17";5;1;300
11908;11595;1590;"2022-10-21";"PRO17";1;1;300
12047;12944;2939;"2022-10-21";"PRO17";5;1;300
12055;13014;3009;"2022-10-21";"PRO17";5;1;300
12105;13542;3537;"2022-10-21";"PRO17";1;1;300
12135;13872;3867;"2022-10-21";"PRO17";1;1;300
125;10624;619;"2022-10-22";"PRO11";3;1;91
173;10765;760;"2022-10-22";"PRO11";1;6;466
210;10910;905;"2022-10-22";"PRO11";3;3;221
218;10926;921;"2022-10-22";"PRO11";1;4;271
346;11335;1330;"2022-10-22";"PRO11";1;3;256
568;12006;2001;"2022-10-22";"PRO11";1;1;87
675;12345;2340;"2022-10-22";"PRO11";1;2;151
702;12427;2422;"2022-10-22";"PRO11";1;5;380
933;13108;3103;"2022-10-22";"PRO11";4;2;160
968;13199;3194;"2022-10-22";"PRO11";4;3;200
1053;13434;3429;"2022-10-22";"PRO11";1;2;130
1254;14160;4155;"2022-10-22";"PRO11";3;4;273
1291;14285;4280;"2022-10-22";"PRO11";1;1;102
1325;14405;4400;"2022-10-22";"PRO11";3;1;79
1430;14775;4770;"2022-10-22";"PRO11";1;2;130
1509;15080;5075;"2022-10-22";"PRO11";1;1;94
1830;12345;2340;"2022-10-22";"PRO12";1;1;120
1882;12908;2903;"2022-10-22";"PRO12";1;1;120
1921;13386;3381;"2022-10-22";"PRO12";3;1;120
2034;14405;4400;"2022-10-22";"PRO12";5;1;120
2615;10583;578;"2022-10-22";"PRO14";1;41;410
2653;10624;619;"2022-10-22";"PRO14";1;18;180
2791;10765;760;"2022-10-22";"PRO14";1;68;680
2815;10789;784;"2022-10-22";"PRO14";1;70;700
2935;10910;905;"2022-10-22";"PRO14";1;13;130
2951;10926;921;"2022-10-22";"PRO14";1;63;633
3179;11155;1150;"2022-10-22";"PRO14";1;7;70
3358;11335;1330;"2022-10-22";"PRO14";1;57;570
3403;11381;1376;"2022-10-22";"PRO14";1;23;230
3685;11670;1665;"2022-10-22";"PRO14";1;22;220
3836;11823;1818;"2022-10-22";"PRO14";1;23;230
4010;12006;2001;"2022-10-22";"PRO14";1;17;170
4170;12173;2168;"2022-10-22";"PRO14";1;8;80
4261;12267;2262;"2022-10-22";"PRO14";1;4;40
4338;12345;2340;"2022-10-22";"PRO14";1;15;150
4768;12787;2782;"2022-10-22";"PRO14";1;18;180
4823;12842;2837;"2022-10-22";"PRO14";1;17;170
4829;12848;2843;"2022-10-22";"PRO14";1;6;60
4888;12908;2903;"2022-10-22";"PRO14";1;30;300
5083;13108;3103;"2022-10-22";"PRO14";1;28;280
5094;13119;3114;"2022-10-22";"PRO14";1;15;150
5173;13199;3194;"2022-10-22";"PRO14";1;34;340
5351;13381;3376;"2022-10-22";"PRO14";1;12;120
5356;13386;3381;"2022-10-22";"PRO14";1;28;280
5404;13434;3429;"2022-10-22";"PRO14";1;24;240
5425;13455;3450;"2022-10-22";"PRO14";1;23;230
5428;13458;3453;"2022-10-22";"PRO14";1;2;20
5647;13681;3676;"2022-10-22";"PRO14";1;15;150
5899;13939;3934;"2022-10-22";"PRO14";1;22;220
6088;14134;4129;"2022-10-22";"PRO14";1;2;20
6111;14157;4152;"2022-10-22";"PRO14";1;14;140
6114;14160;4155;"2022-10-22";"PRO14";1;14;140
6236;14285;4280;"2022-10-22";"PRO14";4;40;400
6250;14299;4294;"2022-10-22";"PRO14";4;14;140
6318;14370;4365;"2022-10-22";"PRO14";2;22;220
6352;14405;4400;"2022-10-22";"PRO14";1;8;80
6714;14775;4770;"2022-10-22";"PRO14";1;20;200
6933;14998;4993;"2022-10-22";"PRO14";1;8;80
7015;15080;5075;"2022-10-22";"PRO14";1;28;280
7119;15186;5181;"2022-10-22";"PRO14";1;10;100
7438;10789;784;"2022-10-22";"PRO15";1;1;200
7480;10926;921;"2022-10-22";"PRO15";1;1;200
7545;11155;1150;"2022-10-22";"PRO15";1;1;200
7597;11335;1330;"2022-10-22";"PRO15";1;1;200
7610;11381;1376;"2022-10-22";"PRO15";1;1;200
7695;11670;1665;"2022-10-22";"PRO15";1;1;200
8019;12787;2782;"2022-10-22";"PRO15";1;1;200
8043;12848;2843;"2022-10-22";"PRO15";1;1;200
8103;13108;3103;"2022-10-22";"PRO15";1;1;200
8275;13681;3676;"2022-10-22";"PRO15";1;1;200
8420;14160;4155;"2022-10-22";"PRO15";1;1;200
8461;14299;4294;"2022-10-22";"PRO15";1;1;200
8478;14370;4365;"2022-10-22";"PRO15";1;1;200
8721;15186;5181;"2022-10-22";"PRO15";1;1;200
8907;10583;578;"2022-10-22";"PRO16";1;1;180
9018;10765;760;"2022-10-22";"PRO16";1;1;180
9034;10789;784;"2022-10-22";"PRO16";1;1;180
9113;10910;905;"2022-10-22";"PRO16";1;1;180
9393;11381;1376;"2022-10-22";"PRO16";1;1;180
9769;12006;2001;"2022-10-22";"PRO16";1;1;180
9974;12345;2340;"2022-10-22";"PRO16";1;1;180
10263;12848;2843;"2022-10-22";"PRO16";1;1;180
10300;12908;2903;"2022-10-22";"PRO16";1;1;180
10428;13119;3114;"2022-10-22";"PRO16";1;1;180
10476;13199;3194;"2022-10-22";"PRO16";1;1;180
10602;13386;3381;"2022-10-22";"PRO16";1;1;180
10632;13434;3429;"2022-10-22";"PRO16";1;1;180
10646;13455;3450;"2022-10-22";"PRO16";1;1;180
10649;13458;3453;"2022-10-22";"PRO16";1;1;180
10770;13681;3676;"2022-10-22";"PRO16";1;1;180
11012;14134;4129;"2022-10-22";"PRO16";1;1;180
11029;14157;4152;"2022-10-22";"PRO16";1;1;180
11032;14160;4155;"2022-10-22";"PRO16";1;1;180
11102;14285;4280;"2022-10-22";"PRO16";1;1;180
11114;14299;4294;"2022-10-22";"PRO16";1;1;180
11183;14405;4400;"2022-10-22";"PRO16";1;1;180
11527;14998;4993;"2022-10-22";"PRO16";1;1;180
11645;15186;5181;"2022-10-22";"PRO16";1;1;180
11801;10583;578;"2022-10-22";"PRO17";5;1;300
11822;10765;760;"2022-10-22";"PRO17";1;1;300
11879;11381;1376;"2022-10-22";"PRO17";1;1;300
12092;13386;3381;"2022-10-22";"PRO17";1;1;300
12161;14157;4152;"2022-10-22";"PRO17";1;1;300
248;11011;1006;"2022-10-23";"PRO11";3;1;83
279;11092;1087;"2022-10-23";"PRO11";1;1;111
360;11371;1366;"2022-10-23";"PRO11";1;3;231
485;11759;1754;"2022-10-23";"PRO11";1;6;433
610;12149;2144;"2022-10-23";"PRO11";1;3;221
650;12271;2266;"2022-10-23";"PRO11";1;4;268
725;12496;2491;"2022-10-23";"PRO11";1;1;93
739;12537;2532;"2022-10-23";"PRO11";1;3;247
761;12603;2598;"2022-10-23";"PRO11";1;4;311
798;12723;2718;"2022-10-23";"PRO11";1;4;315
870;12931;2926;"2022-10-23";"PRO11";1;1;107
1147;13797;3792;"2022-10-23";"PRO11";1;2;137
1251;14148;4143;"2022-10-23";"PRO11";1;2;126
1318;14361;4356;"2022-10-23";"PRO11";3;2;140
1511;15097;5092;"2022-10-23";"PRO11";1;2;167
1562;15247;5242;"2022-10-23";"PRO11";2;3;260
1609;10401;396;"2022-10-23";"PRO12";1;1;120
1719;11427;1422;"2022-10-23";"PRO12";1;1;120
1936;13483;3478;"2022-10-23";"PRO12";3;1;120
2061;14673;4668;"2022-10-23";"PRO12";1;1;120
2435;10401;396;"2022-10-23";"PRO14";1;15;150
2610;10578;573;"2022-10-23";"PRO14";1;2;20
2789;10763;758;"2022-10-23";"PRO14";1;17;170
2812;10786;781;"2022-10-23";"PRO14";1;17;170
2990;10965;960;"2022-10-23";"PRO14";1;8;80
3032;11008;1003;"2022-10-23";"PRO14";1;17;170
3035;11011;1006;"2022-10-23";"PRO14";1;18;180
3116;11092;1087;"2022-10-23";"PRO14";1;10;100
3136;11112;1107;"2022-10-23";"PRO14";1;3;30
3141;11117;1112;"2022-10-23";"PRO14";1;5;50
3189;11165;1160;"2022-10-23";"PRO14";1;18;180
3393;11371;1366;"2022-10-23";"PRO14";1;17;170
3446;11427;1422;"2022-10-23";"PRO14";1;46;460
3525;11509;1504;"2022-10-23";"PRO14";1;21;210
3741;11727;1722;"2022-10-23";"PRO14";1;2;20
3773;11759;1754;"2022-10-23";"PRO14";1;21;210
3843;11830;1825;"2022-10-23";"PRO14";1;1;10
3911;11903;1898;"2022-10-23";"PRO14";1;22;220
3924;11917;1912;"2022-10-23";"PRO14";1;18;180
3941;11934;1929;"2022-10-23";"PRO14";1;13;130
4148;12149;2144;"2022-10-23";"PRO14";1;21;210
4265;12271;2266;"2022-10-23";"PRO14";1;18;180
4281;12287;2282;"2022-10-23";"PRO14";1;20;200
4361;12369;2364;"2022-10-23";"PRO14";1;20;200
4483;12496;2491;"2022-10-23";"PRO14";1;23;230
4523;12537;2532;"2022-10-23";"PRO14";1;1;10
4588;12603;2598;"2022-10-23";"PRO14";1;6;60
4705;12723;2718;"2022-10-23";"PRO14";1;20;200
4740;12759;2754;"2022-10-23";"PRO14";1;56;560
4911;12931;2926;"2022-10-23";"PRO14";1;10;100
5063;13088;3083;"2022-10-23";"PRO14";1;7;70
5070;13095;3090;"2022-10-23";"PRO14";1;1;10
5104;13129;3124;"2022-10-23";"PRO14";1;15;150
5180;13206;3201;"2022-10-23";"PRO14";1;8;80
5212;13238;3233;"2022-10-23";"PRO14";1;41;410
5233;13260;3255;"2022-10-23";"PRO14";1;5;50
5265;13294;3289;"2022-10-23";"PRO14";1;9;90
5299;13328;3323;"2022-10-23";"PRO14";1;67;670
5337;13367;3362;"2022-10-23";"PRO14";1;19;190
5436;13466;3461;"2022-10-23";"PRO14";1;17;167
5453;13483;3478;"2022-10-23";"PRO14";1;24;240
5588;13619;3614;"2022-10-23";"PRO14";1;20;200
5762;13797;3792;"2022-10-23";"PRO14";1;67;670
5889;13928;3923;"2022-10-23";"PRO14";1;22;220
6062;14108;4103;"2022-10-23";"PRO14";1;40;400
6102;14148;4143;"2022-10-23";"PRO14";1;27;270
6103;14149;4144;"2022-10-23";"PRO14";1;23;233
6271;14321;4316;"2022-10-23";"PRO14";1;12;120
6309;14361;4356;"2022-10-23";"PRO14";2;3;30
6401;14456;4451;"2022-10-23";"PRO14";1;63;630
6440;14497;4492;"2022-10-23";"PRO14";1;20;200
6483;14541;4536;"2022-10-23";"PRO14";1;21;210
6615;14673;4668;"2022-10-23";"PRO14";1;38;380
6690;14751;4746;"2022-10-23";"PRO14";3;20;200
6807;14870;4865;"2022-10-23";"PRO14";2;53;530
6811;14874;4869;"2022-10-23";"PRO14";2;24;240
6946;15011;5006;"2022-10-23";"PRO14";1;10;100
6997;15062;5057;"2022-10-23";"PRO14";1;19;190
7004;15069;5064;"2022-10-23";"PRO14";1;18;180
7031;15097;5092;"2022-10-23";"PRO14";1;20;200
7157;15225;5220;"2022-10-23";"PRO14";1;16;160
7177;15247;5242;"2022-10-23";"PRO14";1;24;240
7265;15336;5331;"2022-10-23";"PRO14";1;5;50
7377;10578;573;"2022-10-23";"PRO15";1;1;200
7534;11117;1112;"2022-10-23";"PRO15";1;1;200
7606;11371;1366;"2022-10-23";"PRO15";1;1;200
7777;11934;1929;"2022-10-23";"PRO15";1;1;200
7879;12287;2282;"2022-10-23";"PRO15";1;1;200
7897;12369;2364;"2022-10-23";"PRO15";1;1;200
8010;12759;2754;"2022-10-23";"PRO15";1;1;200
8139;13238;3233;"2022-10-23";"PRO15";1;1;200
8178;13367;3362;"2022-10-23";"PRO15";1;1;200
8565;14673;4668;"2022-10-23";"PRO15";1;1;200
8592;14751;4746;"2022-10-23";"PRO15";1;1;200
8684;15069;5064;"2022-10-23";"PRO15";1;1;200
8903;10578;573;"2022-10-23";"PRO16";1;1;180
9032;10786;781;"2022-10-23";"PRO16";1;1;180
9144;10965;960;"2022-10-23";"PRO16";1;1;180
9174;11008;1003;"2022-10-23";"PRO16";1;1;180
9233;11112;1107;"2022-10-23";"PRO16";1;1;180
9387;11371;1366;"2022-10-23";"PRO16";1;1;180
9472;11509;1504;"2022-10-23";"PRO16";1;1;180
9592;11720;1715;"2022-10-23";"PRO16";1;1;180
9597;11727;1722;"2022-10-23";"PRO16";1;1;180
9661;11830;1825;"2022-10-23";"PRO16";1;1;180
9716;11917;1912;"2022-10-23";"PRO16";1;1;180
9728;11934;1929;"2022-10-23";"PRO16";1;1;180
9936;12287;2282;"2022-10-23";"PRO16";1;1;180
9987;12369;2364;"2022-10-23";"PRO16";1;1;180
10076;12537;2532;"2022-10-23";"PRO16";1;1;180
10211;12759;2754;"2022-10-23";"PRO16";1;1;180
10313;12931;2926;"2022-10-23";"PRO16";1;1;180
10408;13088;3083;"2022-10-23";"PRO16";1;1;180
10435;13129;3124;"2022-10-23";"PRO16";1;1;180
10482;13206;3201;"2022-10-23";"PRO16";1;1;180
10503;13238;3233;"2022-10-23";"PRO16";1;1;180
10519;13260;3255;"2022-10-23";"PRO16";1;1;180
10568;13328;3323;"2022-10-23";"PRO16";1;1;180
10591;13367;3362;"2022-10-23";"PRO16";1;1;180
10655;13466;3461;"2022-10-23";"PRO16";1;1;180
10665;13483;3478;"2022-10-23";"PRO16";1;1;180
10837;13797;3792;"2022-10-23";"PRO16";1;1;180
10910;13928;3923;"2022-10-23";"PRO16";1;1;180
11022;14148;4143;"2022-10-23";"PRO16";1;1;180
11023;14149;4144;"2022-10-23";"PRO16";1;1;180
11127;14321;4316;"2022-10-23";"PRO16";1;1;180
11153;14361;4356;"2022-10-23";"PRO16";1;1;180
11380;14751;4746;"2022-10-23";"PRO16";1;1;180
11448;14870;4865;"2022-10-23";"PRO16";1;1;180
11536;15011;5006;"2022-10-23";"PRO16";1;1;180
11570;15062;5057;"2022-10-23";"PRO16";1;1;180
11575;15069;5064;"2022-10-23";"PRO16";1;1;180
11667;15225;5220;"2022-10-23";"PRO16";1;1;180
11679;15247;5242;"2022-10-23";"PRO16";1;1;180
11854;11165;1160;"2022-10-23";"PRO17";5;1;300
11877;11371;1366;"2022-10-23";"PRO17";1;1;300
11917;11720;1715;"2022-10-23";"PRO17";1;1;300
12027;12759;2754;"2022-10-23";"PRO17";1;1;300
12076;13238;3233;"2022-10-23";"PRO17";1;1;300
12228;14870;4865;"2022-10-23";"PRO17";1;1;300
549;11956;1951;"2022-10-24";"PRO11";1;3;244
905;13019;3014;"2022-10-24";"PRO11";4;1;98
1109;13618;3613;"2022-10-24";"PRO11";1;4;325
1131;13749;3744;"2022-10-24";"PRO11";5;4;275
1242;14122;4117;"2022-10-24";"PRO11";3;1;98
1556;15234;5229;"2022-10-24";"PRO11";2;3;217
1590;15347;5342;"2022-10-24";"PRO11";1;1;108
1666;10958;953;"2022-10-24";"PRO12";1;1;120
2046;14517;4512;"2022-10-24";"PRO12";1;1;120
2646;10617;612;"2022-10-24";"PRO14";1;30;300
2777;10751;746;"2022-10-24";"PRO14";1;53;530
2983;10958;953;"2022-10-24";"PRO14";1;20;200
3247;11223;1218;"2022-10-24";"PRO14";1;20;200
3505;11488;1483;"2022-10-24";"PRO14";1;38;380
3963;11956;1951;"2022-10-24";"PRO14";1;40;400
4005;12001;1996;"2022-10-24";"PRO14";1;43;430
4645;12662;2657;"2022-10-24";"PRO14";1;7;70
4652;12669;2664;"2022-10-24";"PRO14";1;21;210
4684;12702;2697;"2022-10-24";"PRO14";1;70;700
4795;12814;2809;"2022-10-24";"PRO14";1;40;400
4927;12948;2943;"2022-10-24";"PRO14";1;27;270
4997;13019;3014;"2022-10-24";"PRO14";1;23;230
5179;13205;3200;"2022-10-24";"PRO14";1;58;580
5531;13561;3556;"2022-10-24";"PRO14";1;54;540
5587;13618;3613;"2022-10-24";"PRO14";1;61;610
5715;13749;3744;"2022-10-24";"PRO14";1;45;450
5874;13912;3907;"2022-10-24";"PRO14";1;29;290
6076;14122;4117;"2022-10-24";"PRO14";1;24;240
6459;14517;4512;"2022-10-24";"PRO14";4;2;20
6887;14952;4947;"2022-10-24";"PRO14";1;27;267
6893;14958;4953;"2022-10-24";"PRO14";1;4;40
7134;15202;5197;"2022-10-24";"PRO14";1;28;280
7165;15234;5229;"2022-10-24";"PRO14";1;3;30
7185;15255;5250;"2022-10-24";"PRO14";1;27;270
7254;15325;5320;"2022-10-24";"PRO14";1;34;340
7276;15347;5342;"2022-10-24";"PRO14";1;3;30
7327;15399;5394;"2022-10-24";"PRO14";1;8;80
7563;11223;1218;"2022-10-24";"PRO15";1;1;200
7634;11488;1483;"2022-10-24";"PRO15";1;1;200
7979;12662;2657;"2022-10-24";"PRO15";1;1;200
7989;12702;2697;"2022-10-24";"PRO15";1;1;200
8090;13019;3014;"2022-10-24";"PRO15";1;1;200
8348;13912;3907;"2022-10-24";"PRO15";1;1;200
8653;14958;4953;"2022-10-24";"PRO15";1;1;200
8775;15347;5342;"2022-10-24";"PRO15";1;1;200
8798;15399;5394;"2022-10-24";"PRO15";1;1;200
9011;10751;746;"2022-10-24";"PRO16";1;1;180
9301;11223;1218;"2022-10-24";"PRO16";1;1;180
9456;11488;1483;"2022-10-24";"PRO16";1;1;180
10154;12669;2664;"2022-10-24";"PRO16";1;1;180
10324;12948;2943;"2022-10-24";"PRO16";1;1;180
10481;13205;3200;"2022-10-24";"PRO16";1;1;180
10704;13561;3556;"2022-10-24";"PRO16";1;1;180
10732;13618;3613;"2022-10-24";"PRO16";1;1;180
11004;14122;4117;"2022-10-24";"PRO16";1;1;180
11505;14958;4953;"2022-10-24";"PRO16";1;1;180
11653;15202;5197;"2022-10-24";"PRO16";1;1;180
11685;15255;5250;"2022-10-24";"PRO16";1;1;180
11733;15325;5320;"2022-10-24";"PRO16";1;1;180
11752;15347;5342;"2022-10-24";"PRO16";1;1;180
11783;15399;5394;"2022-10-24";"PRO16";1;1;180
11821;10751;746;"2022-10-24";"PRO17";1;1;300
12014;12662;2657;"2022-10-24";"PRO17";1;1;300
12072;13205;3200;"2022-10-24";"PRO17";1;1;300
